Team,Year,Salary_Cap,Active_Cap_Spend,Dead_Cap,Dead_Cap_%,QB_Cap_Hit,QB_Cap_%,Offensive_Spend,Defensive_Spend,Avg_Roster_Age,Wins,Playoff_Appearance
arizona-cardinals,2018,177200000.0,107921249.0,40226555.0,0.2270121613995485,5199592.0,0.0293430699774266,42823431.0,48088100.0,25.90566037735849,3.0,0
arizona-cardinals,2019,188200000.0,194036972.0,110341496.0,0.58629912858661,10229835.0,0.0543561902231668,100686490.0,61241321.0,25.6640625,5.5,0
arizona-cardinals,2020,198200000.0,134942587.0,16289298.0,0.0821861654894046,9578101.0,0.0483254339051463,75973394.0,48489137.0,26.69811320754717,8.0,0
arizona-cardinals,2021,182500000.0,198302341.0,34257959.0,0.1877148438356164,12730383.0,0.0697555232876712,88904172.0,65006937.0,27.166666666666668,11.0,1
arizona-cardinals,2022,208200000.0,113997663.0,43576214.0,0.2092997790585975,4108332.0,0.0197326224783861,51377648.0,46833503.0,26.945054945054945,4.0,0
arizona-cardinals,2023,224800000.0,107330420.0,69784194.0,0.310427909252669,16844656.0,0.0749317437722419,53675181.0,45450533.0,25.58490566037736,4.0,0
arizona-cardinals,2024,255400000.0,164853997.0,32166381.0,0.1259451096319498,50120833.0,0.1962444518402505,81771704.0,66091294.0,25.9811320754717,8.0,0
arizona-cardinals,2025,279200000.0,126356564.0,29716964.0,0.10643611747851,5916667.0,0.0211915007163323,39890459.0,61806631.0,26.33962264150944,3.0,0
atlanta-falcons,2018,177200000.0,196779555.0,22418727.0,0.1265165180586907,26700000.0,0.1506772009029345,98612634.0,58937093.0,27.376146788990827,7.0,0
atlanta-falcons,2019,188200000.0,143255360.0,26394648.0,0.1402478639744952,17205000.0,0.0914187035069075,82771736.0,35560205.0,25.83529411764706,7.0,0
atlanta-falcons,2020,198200000.0,303135467.0,77391728.0,0.3904728960645812,26087500.0,0.1316220988900101,158827116.0,97896698.0,26.83458646616541,4.0,0
atlanta-falcons,2021,182500000.0,187744781.0,53357534.0,0.2923700493150685,29462500.0,0.1614383561643835,100555276.0,77596987.0,26.72972972972973,7.0,0
atlanta-falcons,2022,208200000.0,94499866.0,83599124.0,0.4015327761767531,1223694.0,0.005877492795389,48759902.0,37169926.0,26.09433962264151,7.0,0
atlanta-falcons,2023,224800000.0,163895473.0,25649790.0,0.1141004893238434,7448855.0,0.0331354759786476,92303831.0,53646977.0,26.37037037037037,7.0,0
atlanta-falcons,2024,255400000.0,219836480.0,15187366.0,0.0594650195771339,29160479.0,0.1141757204385278,121656082.0,80129176.0,27.150943396226417,8.0,0
atlanta-falcons,2025,279200000.0,212250145.0,30097486.0,0.1077990186246418,40400554.0,0.1447011246418338,120733368.0,65876948.0,27.0188679245283,8.0,0
baltimore-ravens,2018,177200000.0,150160923.0,14609080.0,0.0824440180586907,27572117.0,0.1555988544018058,67024985.0,61651196.0,26.30188679245283,10.0,1
baltimore-ravens,2019,188200000.0,149889873.0,39814230.0,0.2115527630180659,4722990.0,0.0250955897980871,60114306.0,76279344.0,26.86842105263158,14.0,1
baltimore-ravens,2020,198200000.0,157254394.0,36894494.0,0.1861478002018163,2583176.0,0.0130331786074672,43977838.0,79481434.0,27.02409638554217,11.0,1
baltimore-ravens,2021,182500000.0,123682235.0,27685630.0,0.1517020821917808,4951484.0,0.0271314191780821,49433745.0,56132743.0,27.18421052631579,8.0,0
baltimore-ravens,2022,208200000.0,197721463.0,50751961.0,0.2437654226705091,25936002.0,0.1245725360230547,101005441.0,72362636.0,25.881720430107528,10.0,1
baltimore-ravens,2023,224800000.0,175622212.0,15901398.0,0.070735756227758,25726998.0,0.1144439412811387,91664540.0,68249774.0,26.943396226415093,13.0,1
baltimore-ravens,2024,255400000.0,219432580.0,23109416.0,0.0904832263116679,33552500.0,0.1313723570869224,112892291.0,88330299.0,26.61111111111111,12.0,1
baltimore-ravens,2025,279200000.0,205598096.0,31881343.0,0.1141881912607449,46033442.0,0.1648762249283667,123706082.0,65060855.0,26.39622641509434,8.0,0
buffalo-bills,2018,177200000.0,117169312.0,82214123.0,0.4639623194130925,6094403.0,0.0343927934537246,49804389.0,42610615.0,25.84042553191489,6.0,0
buffalo-bills,2019,188200000.0,202775998.0,35490291.0,0.1885775292242295,8364326.0,0.0444438150903294,96957149.0,68384111.0,26.6734693877551,10.0,1
buffalo-bills,2020,198200000.0,208434406.0,20622929.0,0.1040511049445005,9263671.0,0.0467390060544904,98309210.0,75282748.0,26.21875,13.0,1
buffalo-bills,2021,182500000.0,165564312.0,9888567.0,0.0541839287671232,12702338.0,0.0696018520547945,75663334.0,62633890.0,26.49090909090909,11.0,1
buffalo-bills,2022,208200000.0,172965280.0,38812344.0,0.1864185590778098,19872281.0,0.0954480355427473,79719707.0,78648630.0,26.897058823529413,13.0,1
buffalo-bills,2023,224800000.0,182016009.0,10167412.0,0.0452287010676156,19728781.0,0.0877614813167259,93061451.0,65813579.0,26.9811320754717,11.0,1
buffalo-bills,2024,255400000.0,175108383.0,75053004.0,0.2938645418950665,32418781.0,0.1269333633516053,85043076.0,58730054.0,26.867924528301888,13.0,1
buffalo-bills,2025,279200000.0,196721921.0,39631744.0,0.1419475071633237,39588431.0,0.1417923746418338,117903323.0,55756645.0,27.48148148148148,12.0,1
carolina-panthers,2018,177200000.0,198111486.0,35141375.0,0.1983147573363431,21767351.0,0.1228405812641083,84758266.0,85099641.0,26.717741935483872,7.0,0
carolina-panthers,2019,188200000.0,141643894.0,24882481.0,0.1322129702444208,2886090.0,0.01533522848034,53277927.0,69351358.0,26.06,5.0,0
carolina-panthers,2020,198200000.0,119293249.0,54070124.0,0.2728058728557013,15518670.0,0.0782980322906155,78310402.0,34680533.0,26.0,5.0,0
carolina-panthers,2021,182500000.0,137553967.0,70181398.0,0.384555605479452,18534685.0,0.1015599178082191,60281098.0,62275596.0,25.92553191489361,5.0,0
carolina-panthers,2022,208200000.0,164859408.0,67079215.0,0.3221864313160422,20648000.0,0.0991738712776176,84549735.0,56628673.0,26.28735632183908,7.0,0
carolina-panthers,2023,224800000.0,136455085.0,62169404.0,0.2765542882562277,9032922.0,0.040182037366548,52625677.0,54927089.0,26.943396226415093,2.0,0
carolina-panthers,2024,255400000.0,147773587.0,73242553.0,0.2867758535630383,13681487.0,0.0535688606108065,93667203.0,41030495.0,27.21153846153846,5.0,0
carolina-panthers,2025,279200000.0,188735923.0,34723715.0,0.1243686067335243,13563869.0,0.0485811926934097,102579062.0,69970800.0,26.56603773584905,8.0,1
chicago-bears,2018,177200000.0,197825024.0,29853137.0,0.168471427765237,14598278.0,0.0823830586907449,94956236.0,71214371.0,25.84375,12.0,1
chicago-bears,2019,188200000.0,299086047.0,28353743.0,0.1506575079702444,27835866.0,0.1479057704569606,137051488.0,110728275.0,26.32575757575757,8.0,0
chicago-bears,2020,198200000.0,163818846.0,17098298.0,0.0862679011099899,15994257.0,0.0806975630676084,71322765.0,54316670.0,26.88679245283019,8.0,1
chicago-bears,2021,182500000.0,174996187.0,49652247.0,0.272067106849315,11666666.0,0.0639269369863013,83902142.0,69009728.0,27.165137614678898,6.0,0
chicago-bears,2022,208200000.0,113330799.0,110258113.0,0.5295778722382325,6079073.0,0.0291982372718539,62894612.0,31785732.0,25.67543859649123,3.0,0
chicago-bears,2023,224800000.0,171087200.0,36737468.0,0.1634229003558719,6584119.0,0.0292887855871886,84940009.0,64526396.0,26.115384615384617,7.0,0
chicago-bears,2024,255400000.0,204948258.0,30383725.0,0.118965250587314,8102616.0,0.0317251996867658,89843085.0,71111869.0,26.471698113207548,5.0,0
chicago-bears,2025,279200000.0,243155118.0,10029653.0,0.035922825931232,12782920.0,0.0457840974212034,128531932.0,79434340.0,26.942307692307693,11.0,1
cincinnati-bengals,2018,177200000.0,172901204.0,23490696.0,0.1325660045146726,2512059.0,0.0141764051918735,69027382.0,68053722.0,25.261904761904763,6.0,0
cincinnati-bengals,2019,188200000.0,132358691.0,13714635.0,0.0728726620616365,17389080.0,0.0923968119022316,77629158.0,36377756.0,25.942307692307693,2.0,0
cincinnati-bengals,2020,198200000.0,134781827.0,30688415.0,0.154835595358224,2763937.0,0.0139451917255297,73016798.0,43240862.0,25.910112359550563,4.5,0
cincinnati-bengals,2021,182500000.0,204770496.0,37859930.0,0.2074516712328767,11298363.0,0.0619088383561643,83900925.0,91093362.0,26.10576923076923,10.0,1
cincinnati-bengals,2022,208200000.0,219930652.0,30521657.0,0.1465977761767531,12270037.0,0.0589338952929875,103131784.0,88745765.0,25.322916666666668,12.0,1
cincinnati-bengals,2023,224800000.0,170878346.0,4451550.0,0.019802268683274,1063332.0,0.0047301245551601,86937426.0,52722328.0,25.92452830188679,9.0,0
cincinnati-bengals,2024,255400000.0,185741962.0,13021226.0,0.0509836570086139,30629000.0,0.1199256068911511,100982600.0,47083755.0,25.634615384615383,9.0,0
cincinnati-bengals,2025,279200000.0,215473231.0,20747982.0,0.0743122564469914,48904019.0,0.1751576611747851,152268680.0,41382102.0,26.60377358490566,6.0,0
cleveland-browns,2018,177200000.0,142452164.0,25921273.0,0.146282579006772,24207985.0,0.1366139108352144,88670828.0,37186166.0,25.37735849056604,7.5,0
cleveland-browns,2019,188200000.0,160691307.0,40502545.0,0.2152101222104144,8060450.0,0.0428291710945802,88627583.0,52332342.0,24.869565217391305,6.0,0
cleveland-browns,2020,198200000.0,175113928.0,33449184.0,0.1687648032290615,14670206.0,0.0740171846619576,89851930.0,63464686.0,25.73809523809524,11.0,1
cleveland-browns,2021,182500000.0,193418141.0,47967115.0,0.262833506849315,14717777.0,0.0806453534246575,119075205.0,53563686.0,25.570247933884296,8.0,0
cleveland-browns,2022,208200000.0,132206297.0,35989120.0,0.1728584053794428,14949713.0,0.0718045773294908,73906576.0,34206240.0,25.471698113207548,7.0,0
cleveland-browns,2023,224800000.0,136190604.0,23468987.0,0.1043994083629893,2732222.0,0.012154012455516,62639494.0,45666130.0,26.849056603773583,11.0,1
cleveland-browns,2024,255400000.0,130535406.0,42497245.0,0.1663948512137823,3042178.0,0.0119114252153484,57633678.0,42479791.0,26.79245283018868,3.0,0
cleveland-browns,2025,279200000.0,132190554.0,85067504.0,0.3046830372492837,2091309.0,0.007490361747851,52722730.0,45979775.0,25.90566037735849,5.0,0
dallas-cowboys,2018,177200000.0,128476812.0,40867334.0,0.2306282957110609,2351290.0,0.0132691309255079,56125658.0,36326328.0,25.414285714285715,10.0,1
dallas-cowboys,2019,188200000.0,189944032.0,20523241.0,0.1090501647183847,2767517.0,0.0147051912858661,102795990.0,46906706.0,26.788235294117648,8.0,0
dallas-cowboys,2020,198200000.0,174068547.0,63003474.0,0.3178782744702321,6489594.0,0.0327426538849646,76545261.0,58899767.0,26.03418803418804,6.0,0
dallas-cowboys,2021,182500000.0,172246910.0,40878709.0,0.2239929260273972,18120000.0,0.0992876712328767,99160325.0,35151240.0,26.0,12.0,1
dallas-cowboys,2022,208200000.0,189690593.0,44395306.0,0.2132339385206532,21004166.0,0.1008845629202689,108086382.0,64888068.0,26.55128205128205,12.0,1
dallas-cowboys,2023,224800000.0,185500694.0,20451431.0,0.0909761165480427,29897647.0,0.1329966503558718,95480590.0,77122641.0,26.07547169811321,12.0,1
dallas-cowboys,2024,255400000.0,97500830.0,29661014.0,0.1161355285826155,8248214.0,0.0322952779953014,48174196.0,34280418.0,26.433962264150946,7.0,0
dallas-cowboys,2025,279200000.0,201412306.0,54447235.0,0.1950115866762177,51497330.0,0.1844460243553008,122311806.0,63427042.0,26.46153846153846,7.5,0
denver-broncos,2018,177200000.0,215405520.0,58837523.0,0.33204019751693,16890000.0,0.0953160270880361,59814315.0,113129055.0,25.568345323741006,6.0,0
denver-broncos,2019,188200000.0,105297174.0,31913480.0,0.1695721572794899,1919694.0,0.0102002869287991,39698650.0,32269401.0,25.28846153846154,7.0,0
denver-broncos,2020,198200000.0,119657209.0,38656676.0,0.1950387285570131,5130138.0,0.0258836427850655,54836293.0,44451002.0,25.376344086021504,5.0,0
denver-broncos,2021,182500000.0,113890694.0,45744002.0,0.2506520657534246,3328701.0,0.0182394575342465,47316647.0,49197083.0,25.44155844155844,7.0,0
denver-broncos,2022,208200000.0,147776744.0,56701271.0,0.2723403986551393,20247503.0,0.0972502545629202,65582197.0,68031570.0,25.96330275229358,5.0,0
denver-broncos,2023,224800000.0,173358141.0,33296145.0,0.1481145240213523,25000000.0,0.1112099644128113,92114592.0,70494771.0,26.30188679245283,8.0,0
denver-broncos,2024,255400000.0,150535729.0,89083362.0,0.3487993813625685,13110849.0,0.051334569303054,77094698.0,60998695.0,26.07692307692308,10.0,1
denver-broncos,2025,279200000.0,210082064.0,45514189.0,0.1630164362464183,8247275.0,0.0295389505730659,105831032.0,79414827.0,26.9622641509434,14.0,1
detroit-lions,2018,177200000.0,114899245.0,32396258.0,0.1828231264108352,27220000.0,0.1536117381489842,59866369.0,46317289.0,26.049382716049383,6.0,0
detroit-lions,2019,188200000.0,178324022.0,30219566.0,0.1605715515409139,1293528.0,0.0068731562167906,62483902.0,81727472.0,26.07,3.5,0
detroit-lions,2020,198200000.0,136316057.0,29102142.0,0.1468321997981836,23776472.0,0.1199620181634712,77662911.0,44147618.0,26.78846153846154,5.0,0
detroit-lions,2021,182500000.0,103540150.0,85596777.0,0.4690234356164383,14726471.0,0.0806929917808219,59092552.0,37132551.0,24.87272727272727,3.5,0
detroit-lions,2022,208200000.0,160651049.0,41300759.0,0.1983706003842459,32185000.0,0.1545869356388088,90348548.0,48594326.0,25.58333333333333,9.0,0
detroit-lions,2023,224800000.0,173331167.0,32092641.0,0.1427608585409252,34141293.0,0.1518740791814946,106932804.0,44981842.0,26.0,12.0,1
detroit-lions,2024,255400000.0,151659745.0,39256611.0,0.1537063860610806,28620222.0,0.1120603837118245,104856482.0,36719874.0,26.942307692307693,15.0,1
detroit-lions,2025,279200000.0,216842653.0,37517155.0,0.1343737643266475,33747640.0,0.1208726361031518,126163433.0,64122226.0,27.07692307692308,9.0,0
green-bay-packers,2018,177200000.0,124176442.0,14982444.0,0.0845510383747178,22071928.0,0.1245594130925508,89040711.0,15007161.0,25.54716981132076,6.5,0
green-bay-packers,2019,188200000.0,204790742.0,27017233.0,0.143555967056323,31388000.0,0.1667800212539851,119269443.0,55020701.0,25.672897196261683,13.0,1
green-bay-packers,2020,198200000.0,173346306.0,13816256.0,0.0697086579212916,24645537.0,0.1243468062563067,84195571.0,46727712.0,25.676470588235293,13.0,1
green-bay-packers,2021,182500000.0,194218086.0,23919517.0,0.1310658465753424,29887989.0,0.163769802739726,102384933.0,52309503.0,25.425925925925927,13.0,1
green-bay-packers,2022,208200000.0,175282931.0,40103094.0,0.1926181268011527,31910874.0,0.153270288184438,88397606.0,55560823.0,25.527027027027028,8.0,0
green-bay-packers,2023,224800000.0,120689913.0,67234462.0,0.2990856850533808,5240316.0,0.0233110142348754,40704353.0,61141454.0,25.0188679245283,9.0,1
green-bay-packers,2024,255400000.0,154542400.0,64574213.0,0.2528356029757243,21931831.0,0.0858724784651527,66952389.0,68749729.0,25.23076923076923,11.0,1
green-bay-packers,2025,279200000.0,179161394.0,60096060.0,0.2152437679083094,31676835.0,0.1134557127507163,89316317.0,45983169.0,25.39622641509434,9.5,1
houston-texans,2018,177200000.0,173377673.0,36610458.0,0.2066052934537246,6478700.0,0.0365615124153498,67133199.0,81640037.0,25.26851851851852,11.0,1
houston-texans,2019,188200000.0,145821737.0,27378439.0,0.1454752337938363,6778440.0,0.0360172157279489,65993230.0,55777943.0,26.54716981132076,10.0,1
houston-texans,2020,198200000.0,141313765.0,23481796.0,0.1184752573158425,14334678.0,0.0723243087790111,79738576.0,37542487.0,26.25454545454545,4.0,0
houston-texans,2021,182500000.0,117656283.0,43381422.0,0.2377064219178082,22213002.0,0.1217150794520548,57480661.0,46551701.0,26.865384615384617,4.0,0
houston-texans,2022,208200000.0,187015626.0,127981039.0,0.6147023967339097,6724473.0,0.0322981412103746,91199258.0,68081334.0,26.43243243243243,3.5,0
houston-texans,2023,224800000.0,142196787.0,47419666.0,0.210941574733096,10770020.0,0.0479093416370106,78627318.0,48360456.0,27.20754716981132,10.0,1
houston-texans,2024,255400000.0,180926822.0,41631992.0,0.1630070164447924,11676576.0,0.0457187783868441,100145109.0,45619353.0,26.75471698113208,10.0,1
houston-texans,2025,279200000.0,170929628.0,66476453.0,0.2380961783667621,14870642.0,0.053261611747851,75158116.0,45555851.0,26.67924528301887,12.0,1
indianapolis-colts,2018,177200000.0,119266254.0,20943164.0,0.1181894130925508,25160076.0,0.1419868848758465,79859256.0,32268057.0,25.40909090909091,10.0,1
indianapolis-colts,2019,188200000.0,142403804.0,24497343.0,0.1301665409139213,12675735.0,0.0673524707757704,67418520.0,46662745.0,25.67924528301887,7.0,0
indianapolis-colts,2020,198200000.0,193570457.0,23653810.0,0.1193431382441977,47168066.0,0.2379821695257316,114087535.0,61432366.0,25.41538461538461,11.0,1
indianapolis-colts,2021,182500000.0,261285239.0,20182340.0,0.1105881643835616,23445563.0,0.1284688383561643,136277272.0,87218142.0,26.15748031496063,9.0,0
indianapolis-colts,2022,208200000.0,167845479.0,29680285.0,0.1425566042267051,23021236.0,0.1105726993275696,88777967.0,65088298.0,25.566666666666663,4.5,0
indianapolis-colts,2023,224800000.0,150648067.0,51418290.0,0.2287290480427046,4472677.0,0.01989625,73427514.0,55094468.0,25.71153846153846,9.0,0
indianapolis-colts,2024,255400000.0,199356329.0,15608803.0,0.061115125293657,13813593.0,0.0540861119812059,111177335.0,63193870.0,26.33962264150944,8.0,0
indianapolis-colts,2025,279200000.0,187793760.0,17419477.0,0.0623906769340974,1130919.0,0.0040505694842406,92987676.0,53831428.0,27.01923076923077,8.0,0
jacksonville-jaguars,2018,177200000.0,196397733.0,41460040.0,0.2339731376975169,11572666.0,0.0653084988713318,58510626.0,113630688.0,25.489795918367346,5.0,0
jacksonville-jaguars,2019,188200000.0,145355601.0,48663546.0,0.2585735706695005,13985221.0,0.0743104197662061,68368702.0,49356449.0,24.72641509433962,6.0,0
jacksonville-jaguars,2020,198200000.0,100321279.0,67482264.0,0.3404756004036326,2714877.0,0.013697663975782,51869385.0,44571202.0,25.28070175438597,1.0,0
jacksonville-jaguars,2021,182500000.0,175764361.0,45241970.0,0.247901205479452,6799723.0,0.0372587561643835,80196467.0,84869620.0,25.476190476190474,3.0,0
jacksonville-jaguars,2022,208200000.0,182610677.0,51410178.0,0.2469268876080691,11088620.0,0.0532594620557156,82749123.0,79323496.0,25.8625,9.0,1
jacksonville-jaguars,2023,224800000.0,194030338.0,10665516.0,0.0474444661921708,12032264.0,0.053524306049822,94770486.0,76620535.0,26.37735849056604,9.0,0
jacksonville-jaguars,2024,255400000.0,142873539.0,53636487.0,0.2100097376664056,3277912.0,0.0128344244322631,50633894.0,55625316.0,25.943396226415093,4.0,0
jacksonville-jaguars,2025,279200000.0,183835386.0,85308734.0,0.3055470415472779,19000000.0,0.0680515759312321,87996573.0,56946133.0,26.62264150943396,13.0,1
kansas-city-chiefs,2018,177200000.0,188720364.0,43235228.0,0.2439911286681715,8933141.0,0.0504127595936794,88888880.0,62734366.0,25.75,12.0,1
kansas-city-chiefs,2019,188200000.0,168432340.0,30379634.0,0.1614220722635494,9869776.0,0.0524430180658873,86576246.0,61097692.0,26.33333333333333,12.0,1
kansas-city-chiefs,2020,198200000.0,238044218.0,42861124.0,0.2162518869828456,8596508.0,0.0433728960645812,101980569.0,95558753.0,25.980198019801986,14.0,1
kansas-city-chiefs,2021,182500000.0,172757831.0,23170652.0,0.1269624767123287,9351709.0,0.0512422410958904,64987751.0,70528169.0,26.464788732394368,12.0,1
kansas-city-chiefs,2022,208200000.0,124843923.0,6100719.0,0.029302204610951,36618381.0,0.1758807925072046,70894370.0,44696358.0,25.058823529411764,14.0,1
kansas-city-chiefs,2023,224800000.0,194829168.0,12295967.0,0.0546973620996441,38226325.0,0.1700459297153025,105288746.0,63607097.0,26.0188679245283,11.0,1
kansas-city-chiefs,2024,255400000.0,220972465.0,17019007.0,0.0666366758026624,39362681.0,0.1541216953797964,145152907.0,47920600.0,26.452830188679247,15.0,1
kansas-city-chiefs,2025,279200000.0,175503834.0,23723112.0,0.0849681661891117,254444.0,0.0009113323782234,82481272.0,65009084.0,26.452830188679247,6.0,0
las-vegas-raiders,2018,177200000.0,124154951.0,39760452.0,0.224381783295711,25900000.0,0.1461625282167042,75312266.0,42722420.0,25.440860215053764,4.0,0
las-vegas-raiders,2019,188200000.0,124757325.0,31685701.0,0.1683618544102019,25280481.0,0.1343277417640807,74299199.0,36557242.0,25.45205479452055,7.0,0
las-vegas-raiders,2020,198200000.0,226741208.0,22450570.0,0.1132723007063572,32625000.0,0.1646064581231079,130190145.0,83363660.0,26.488636363636363,8.0,0
las-vegas-raiders,2021,182500000.0,129494524.0,36524563.0,0.2001345917808219,25625000.0,0.1404109589041096,71859341.0,29232504.0,26.40740740740741,10.0,1
las-vegas-raiders,2022,208200000.0,179831461.0,102437869.0,0.4920166618635927,20575002.0,0.0988232564841498,103426625.0,60943985.0,26.1864406779661,6.0,0
las-vegas-raiders,2023,224800000.0,155882148.0,57853191.0,0.2573540524911032,8784345.0,0.0390762677935943,95409495.0,49984979.0,26.923076923076923,8.0,0
las-vegas-raiders,2024,255400000.0,111412545.0,50307790.0,0.196976468285043,1820957.0,0.0071298238057948,59571599.0,35636104.0,25.641509433962263,4.0,0
las-vegas-raiders,2025,279200000.0,138634367.0,77146469.0,0.2763125680515759,43800855.0,0.1568798531518624,78967729.0,28379721.0,26.452830188679247,3.0,0
los-angeles-chargers,2018,177200000.0,156630109.0,20165012.0,0.1137980361173814,23000000.0,0.1297968397291196,92721335.0,40343791.0,25.75641025641025,12.0,1
los-angeles-chargers,2019,188200000.0,161140516.0,13000472.0,0.0690779596174282,27628782.0,0.1468054303931987,85062406.0,44271303.0,26.19696969696969,5.0,0
los-angeles-chargers,2020,198200000.0,138497172.0,20514754.0,0.1035053178607467,13076892.0,0.0659782643794147,78611685.0,41617549.0,25.32876712328768,7.0,0
los-angeles-chargers,2021,182500000.0,180265045.0,14260406.0,0.0781392109589041,9879408.0,0.0541337424657534,86391318.0,84856138.0,26.52439024390244,9.0,0
los-angeles-chargers,2022,208200000.0,206823849.0,15806087.0,0.0759178049951969,13317533.0,0.0639650960614793,104656612.0,59248070.0,25.905882352941177,10.0,1
los-angeles-chargers,2023,224800000.0,132544014.0,27385531.0,0.1218217571174377,1389167.0,0.006179568505338,55734112.0,54095936.0,26.07547169811321,5.0,0
los-angeles-chargers,2024,255400000.0,183462767.0,60901604.0,0.2384557713390759,21848175.0,0.0855449295223179,75374891.0,46972713.0,26.56603773584905,11.0,1
los-angeles-chargers,2025,279200000.0,203316535.0,41240314.0,0.1477088610315186,39488315.0,0.1414337929799426,104850338.0,56018567.0,26.88679245283019,11.0,1
los-angeles-rams,2018,177200000.0,158606483.0,16825476.0,0.0949518961625282,8653593.0,0.0488351749435665,60897568.0,87038933.0,25.88679245283019,13.0,1
los-angeles-rams,2019,188200000.0,162333485.0,13604018.0,0.0722848990435706,11629577.0,0.0617937141339001,82843162.0,54784744.0,25.62264150943396,9.0,0
los-angeles-rams,2020,198200000.0,158056507.0,43735496.0,0.2206634510595358,29651210.0,0.1496024722502522,86250207.0,60417373.0,25.396825396825395,10.0,1
los-angeles-rams,2021,182500000.0,128139904.0,55198457.0,0.302457298630137,22175000.0,0.1215068493150685,64130236.0,48797585.0,25.69117647058824,12.0,1
los-angeles-rams,2022,208200000.0,113511363.0,26653334.0,0.128017934678194,3069444.0,0.0147427665706051,27005393.0,72783463.0,25.925925925925927,5.0,0
los-angeles-rams,2023,224800000.0,131880407.0,79381937.0,0.3531224955516014,20620000.0,0.0917259786476868,74923120.0,47396492.0,26.07692307692308,10.0,1
los-angeles-rams,2024,255400000.0,209446790.0,35854750.0,0.140386648394675,50188631.0,0.196509909945184,174088081.0,24793525.0,25.867924528301888,10.0,1
los-angeles-rams,2025,279200000.0,199972074.0,57763950.0,0.2068909383954154,51818459.0,0.1855961998567335,149626022.0,42375089.0,26.92452830188679,12.0,1
miami-dolphins,2018,177200000.0,125393091.0,23256036.0,0.1312417381489842,10116666.0,0.0570917945823927,54295717.0,34195223.0,26.262295081967213,7.0,0
miami-dolphins,2019,188200000.0,73122950.0,79074155.0,0.42016022848034,6779898.0,0.036024962805526,40706424.0,19936481.0,25.01020408163265,5.0,0
miami-dolphins,2020,198200000.0,156504710.0,39015271.0,0.1968479868819374,13548743.0,0.0683589455095862,61434424.0,79179179.0,25.433962264150946,10.0,0
miami-dolphins,2021,182500000.0,149454584.0,24429950.0,0.1338627397260273,11880781.0,0.0651001698630137,64158889.0,70258788.0,25.89090909090909,9.0,0
miami-dolphins,2022,208200000.0,170595560.0,26862865.0,0.1290243275696445,16208046.0,0.0778484438040345,86340843.0,59864144.0,26.56756756756757,9.0,1
miami-dolphins,2023,224800000.0,172821528.0,20351028.0,0.0905294839857651,13313648.0,0.0592244128113879,83343001.0,81331910.0,27.132075471698112,11.0,1
miami-dolphins,2024,255400000.0,138344211.0,58059677.0,0.2273284142521534,10402446.0,0.0407300156617071,81556342.0,37809038.0,27.245283018867923,8.0,0
miami-dolphins,2025,279200000.0,151891044.0,76511101.0,0.2740368946991404,42446697.0,0.1520297170487106,84745654.0,44675547.0,25.9622641509434,7.0,0
minnesota-vikings,2018,177200000.0,185936546.0,13348655.0,0.0753310101580135,27017000.0,0.1524661399548532,83835166.0,77308518.0,25.64179104477612,8.5,0
minnesota-vikings,2019,188200000.0,177166406.0,9821576.0,0.0521869075451647,29735000.0,0.1579968119022316,84527645.0,66758867.0,26.09803921568628,10.0,1
minnesota-vikings,2020,198200000.0,138188441.0,55337602.0,0.2792008173562058,22441666.0,0.1132273763874873,73630556.0,57365583.0,25.361702127659573,7.0,0
minnesota-vikings,2021,182500000.0,136102224.0,35669965.0,0.1954518630136986,35332746.0,0.1936040876712328,78028219.0,50130843.0,25.88,8.0,0
minnesota-vikings,2022,208200000.0,200224575.0,47614227.0,0.2286946541786743,32668668.0,0.1569100288184438,99005674.0,71223164.0,25.945054945054945,13.0,1
minnesota-vikings,2023,224800000.0,122035441.0,46177305.0,0.2054150578291814,3378149.0,0.0150273532028469,49816692.0,46052640.0,26.48076923076923,7.0,0
minnesota-vikings,2024,255400000.0,164432512.0,70382084.0,0.2755758966327329,8215000.0,0.0321652310101801,88786046.0,56648365.0,27.28846153846154,14.0,1
minnesota-vikings,2025,279200000.0,191638128.0,27522316.0,0.0985756303724928,6223409.0,0.0222901468481375,110744377.0,59198853.0,26.67924528301887,9.0,0
new-england-patriots,2018,177200000.0,158568751.0,19351024.0,0.1092044243792325,22915000.0,0.1293171557562076,78025968.0,63710357.0,27.36065573770492,11.0,1
new-england-patriots,2019,188200000.0,157015131.0,31263024.0,0.1661159617428267,22916380.0,0.12176609989373,75385755.0,75985311.0,27.55555555555556,12.0,1
new-england-patriots,2020,198200000.0,115040401.0,38569964.0,0.1946012310797174,3471528.0,0.0175152774974772,59201292.0,40808601.0,26.22972972972973,7.0,0
new-england-patriots,2021,182500000.0,147576468.0,33715662.0,0.1847433534246575,4645684.0,0.025455802739726,70034039.0,69897657.0,26.9344262295082,10.0,1
new-england-patriots,2022,208200000.0,180094590.0,31449266.0,0.1510531508165225,5275889.0,0.0253404851104707,89701582.0,79870181.0,26.57317073170732,8.0,0
new-england-patriots,2023,224800000.0,122696951.0,31235322.0,0.1389471619217082,5245824.0,0.0233355160142348,48166810.0,61519507.0,26.71698113207547,4.0,0
new-england-patriots,2024,255400000.0,130005536.0,60985272.0,0.2387833672670321,15384957.0,0.060238672670321,61476015.0,56892406.0,26.11320754716981,4.0,0
new-england-patriots,2025,279200000.0,204986622.0,52096934.0,0.1865936031518624,12626749.0,0.0452247457020057,99688783.0,83452881.0,26.192307692307693,14.0,1
new-orleans-saints,2018,177200000.0,140652803.0,28414388.0,0.1603520767494356,26845000.0,0.1514954853273137,83757827.0,32809878.0,26.55172413793104,13.0,1
new-orleans-saints,2019,188200000.0,157624639.0,31310945.0,0.1663705897980871,26595000.0,0.1413124335812965,90621901.0,46479992.0,26.279411764705884,13.0,1
new-orleans-saints,2020,198200000.0,161365733.0,22530540.0,0.1136757820383451,31351000.0,0.1581786074672048,88506844.0,48832528.0,27.0,12.0,1
new-orleans-saints,2021,182500000.0,107680541.0,49107949.0,0.2690846520547945,8937396.0,0.0489720328767123,46235593.0,45694722.0,26.685185185185187,9.0,0
new-orleans-saints,2022,208200000.0,171505281.0,60239112.0,0.2893329106628242,7000000.0,0.0336215177713736,65962446.0,63189935.0,27.069767441860463,7.0,0
new-orleans-saints,2023,224800000.0,138027290.0,35175167.0,0.1564731628113879,12428204.0,0.0552856049822064,73118612.0,32501538.0,27.07407407407408,9.0,0
new-orleans-saints,2024,255400000.0,146456092.0,62187730.0,0.2434915035238841,14638324.0,0.057315285826155,66352642.0,52432890.0,26.67924528301887,5.0,0
new-orleans-saints,2025,279200000.0,132795807.0,109045640.0,0.3905646131805158,3022077.0,0.0108240580229226,57348989.0,53543480.0,26.50943396226415,6.0,0
new-york-giants,2018,177200000.0,117538663.0,43897862.0,0.2477305981941309,23411924.0,0.132121467268623,63591205.0,47942923.0,26.0377358490566,5.0,0
new-york-giants,2019,188200000.0,130695176.0,63780587.0,0.3388979117959617,28450751.0,0.1511729596174282,80497314.0,35984525.0,25.25675675675676,4.0,0
new-york-giants,2020,198200000.0,179946479.0,42654125.0,0.2152074924318869,8172740.0,0.0412348133198789,81500175.0,78869923.0,25.56382978723404,6.0,0
new-york-giants,2021,182500000.0,121896505.0,19015015.0,0.1041918630136986,1594996.0,0.008739704109589,61582752.0,47902655.0,26.06122448979592,4.0,0
new-york-giants,2022,208200000.0,156309354.0,65669705.0,0.3154164505283381,11065836.0,0.0531500288184438,79585536.0,60650277.0,25.788235294117648,9.5,1
new-york-giants,2023,224800000.0,129927472.0,56451152.0,0.2511172241992883,7368889.0,0.0327797553380782,54602266.0,54820497.0,25.81132075471698,6.0,0
new-york-giants,2024,255400000.0,116951522.0,82521697.0,0.3231076624902114,6133889.0,0.0240167932654659,55469536.0,50444208.0,26.33962264150944,3.0,0
new-york-giants,2025,279200000.0,181471241.0,35414705.0,0.1268434992836676,17120657.0,0.0613204047277936,74513180.0,72604131.0,26.849056603773583,4.0,0
new-york-jets,2018,177200000.0,110925059.0,29906396.0,0.1687719864559819,16021936.0,0.0904172460496613,53614840.0,52419413.0,25.393939393939394,4.0,0
new-york-jets,2019,188200000.0,96678757.0,27627375.0,0.146797954303932,7367714.0,0.0391483209351753,48848355.0,41870621.0,26.0377358490566,7.0,0
new-york-jets,2020,198200000.0,189682920.0,104345553.0,0.5264659586276489,14530822.0,0.0733139354187689,130665133.0,53643806.0,25.46564885496183,2.0,0
new-york-jets,2021,182500000.0,116635964.0,59681106.0,0.3270197589041096,10061865.0,0.055133506849315,59603030.0,53603110.0,25.18018018018018,4.0,0
new-york-jets,2022,208200000.0,165612372.0,31028741.0,0.1490333381364073,13914085.0,0.0668303794428434,75089266.0,54998917.0,26.178571428571427,7.0,0
new-york-jets,2023,224800000.0,143977333.0,29031325.0,0.1291429048042704,9515552.0,0.0423289679715302,52999943.0,68201366.0,26.64814814814815,7.0,0
new-york-jets,2024,255400000.0,156868920.0,62318333.0,0.2440028700078308,19961112.0,0.078156272513704,77094421.0,69788172.0,26.849056603773583,5.0,0
new-york-jets,2025,279200000.0,96367637.0,108111699.0,0.3872195522922636,7100320.0,0.0254309455587392,51213387.0,30972389.0,26.245283018867923,3.0,0
philadelphia-eagles,2018,177200000.0,135631627.0,14907511.0,0.0841281659142212,21505365.0,0.1213621049661399,80276239.0,36122971.0,26.865384615384617,9.0,1
philadelphia-eagles,2019,188200000.0,173218927.0,49129262.0,0.2610481509032943,18583782.0,0.0987448565356004,76882163.0,69118870.0,25.366071428571427,9.0,1
philadelphia-eagles,2020,198200000.0,139405537.0,23648938.0,0.119318557013118,21442022.0,0.1081837638748738,82778405.0,40311982.0,25.7843137254902,4.5,0
philadelphia-eagles,2021,182500000.0,101610988.0,63769525.0,0.3494220547945205,2622690.0,0.014370904109589,45622190.0,42958320.0,25.32258064516129,9.0,1
philadelphia-eagles,2022,208200000.0,215441259.0,96782003.0,0.4648511191162344,9198230.0,0.0441797790585975,99908416.0,91448437.0,26.33018867924528,14.0,1
philadelphia-eagles,2023,224800000.0,160037713.0,63868823.0,0.284113981316726,8882916.0,0.0395147508896797,82087061.0,54660204.0,26.58490566037736,11.0,1
philadelphia-eagles,2024,255400000.0,168537310.0,63634011.0,0.2491543108848864,16613774.0,0.0650500156617071,98177606.0,57803217.0,25.67924528301887,14.0,1
philadelphia-eagles,2025,279200000.0,185638474.0,85767966.0,0.3071918553008596,24062810.0,0.0861848495702005,126007477.0,46463903.0,26.16981132075472,11.0,1
pittsburgh-steelers,2018,177200000.0,138116212.0,11880840.0,0.0670476297968397,24607847.0,0.1388704683972912,74288905.0,51865163.0,25.768115942028984,9.5,0
pittsburgh-steelers,2019,188200000.0,139395961.0,40931833.0,0.2174911424017003,2676174.0,0.0142198405951115,55962695.0,61860611.0,25.2375,8.0,0
pittsburgh-steelers,2020,198200000.0,146851577.0,14551441.0,0.0734179667003027,25644620.0,0.1293875882946518,75671471.0,61236018.0,26.27777777777778,12.0,1
pittsburgh-steelers,2021,182500000.0,124164123.0,30380017.0,0.1664658465753424,28953066.0,0.1586469369863013,58435121.0,50474199.0,25.75471698113208,9.5,1
pittsburgh-steelers,2022,208200000.0,170238807.0,46052735.0,0.2211946926032661,10257801.0,0.0492689769452449,57769800.0,77766357.0,25.73611111111111,9.0,0
pittsburgh-steelers,2023,224800000.0,194442075.0,21164554.0,0.0941483718861209,10148917.0,0.045146427935943,84007109.0,62982557.0,26.38888888888889,10.0,1
pittsburgh-steelers,2024,255400000.0,182613866.0,30733672.0,0.1203354424432263,5595948.0,0.0219105246671887,48052724.0,88603611.0,27.62745098039216,10.0,1
pittsburgh-steelers,2025,279200000.0,205157647.0,35262934.0,0.1262999068767908,17748731.0,0.0635699534383954,80932523.0,72674658.0,27.75925925925926,10.0,1
san-francisco-49ers,2018,177200000.0,111813049.0,39885588.0,0.2250879683972912,1197255.0,0.0067565180586907,55439225.0,39097500.0,24.80208333333333,4.0,0
san-francisco-49ers,2019,188200000.0,225363188.0,53082660.0,0.2820545164718385,23457074.0,0.1246390754516471,96725362.0,79870637.0,26.009174311926607,13.0,1
san-francisco-49ers,2020,198200000.0,121143362.0,31246527.0,0.1576514984863773,1387459.0,0.007000297679112,56289960.0,45564493.0,26.112244897959183,6.0,0
san-francisco-49ers,2021,182500000.0,156140995.0,38184181.0,0.2092283890410959,32600959.0,0.1786353917808219,85458303.0,36747630.0,26.903614457831324,10.0,1
san-francisco-49ers,2022,208200000.0,210401880.0,55047691.0,0.2643981316042267,16725428.0,0.0803334678194044,83238804.0,62563229.0,27.065934065934066,13.0,1
san-francisco-49ers,2023,224800000.0,154932685.0,33313374.0,0.148191165480427,7693517.0,0.0342238300711743,73558917.0,50780273.0,26.92452830188679,12.0,1
san-francisco-49ers,2024,255400000.0,138201567.0,30442060.0,0.1191936570086139,4794252.0,0.0187715426781519,54544912.0,57464331.0,26.92452830188679,6.0,0
san-francisco-49ers,2025,279200000.0,157079766.0,103625697.0,0.3711522098853868,11686073.0,0.0418555623209169,101374061.0,32955759.0,27.32075471698113,12.0,1
seattle-seahawks,2018,177200000.0,132664927.0,29265025.0,0.1651525112866817,24491666.0,0.1382148194130925,76327351.0,46406273.0,25.408450704225352,10.0,1
seattle-seahawks,2019,188200000.0,136303556.0,33341263.0,0.1771586769394261,26931668.0,0.1431013177470775,65866246.0,41679938.0,26.34722222222222,11.0,1
seattle-seahawks,2020,198200000.0,174698283.0,27951104.0,0.1410247426841574,31887500.0,0.160885469223007,95663901.0,59388074.0,26.36764705882353,12.0,1
seattle-seahawks,2021,182500000.0,137955994.0,13921645.0,0.0762829863013698,33507502.0,0.1836027506849315,78829983.0,36981480.0,26.35087719298245,7.0,0
seattle-seahawks,2022,208200000.0,134787774.0,70801557.0,0.3400651152737752,4951021.0,0.0237801200768491,61121960.0,45903424.0,26.607142857142858,9.0,1
seattle-seahawks,2023,224800000.0,165990770.0,23397380.0,0.104080871886121,14100000.0,0.0627224199288256,83859236.0,55796859.0,26.166666666666668,9.0,0
seattle-seahawks,2024,255400000.0,170968666.0,58377484.0,0.2285727642913077,27581667.0,0.1079939976507439,93501639.0,41424722.0,26.134615384615383,10.0,0
seattle-seahawks,2025,279200000.0,173732718.0,88180219.0,0.3158317299426934,16801777.0,0.0601782843839541,69175474.0,65025152.0,26.150943396226417,14.0,1
tampa-bay-buccaneers,2018,177200000.0,196885105.0,29526269.0,0.1666268002257336,17329403.0,0.0977957279909706,99130611.0,57966196.0,25.60185185185185,5.0,0
tampa-bay-buccaneers,2019,188200000.0,259630888.0,21616260.0,0.114857917109458,23432000.0,0.1245058448459086,143347081.0,63126227.0,26.221052631578942,7.0,0
tampa-bay-buccaneers,2020,198200000.0,185308315.0,7804140.0,0.0393750756811301,27532500.0,0.1389127144298688,98384586.0,49733086.0,27.07407407407408,11.0,1
tampa-bay-buccaneers,2021,182500000.0,193013973.0,28060374.0,0.1537554739726027,16558438.0,0.0907311671232876,97569244.0,61015415.0,27.6734693877551,13.0,1
tampa-bay-buccaneers,2022,208200000.0,214073132.0,37867180.0,0.1818788664745437,18912062.0,0.0908360326609029,109285086.0,86466210.0,27.00970873786408,8.0,1
tampa-bay-buccaneers,2023,224800000.0,128436935.0,81574757.0,0.3628770329181495,3770747.0,0.0167737855871886,55387710.0,49948467.0,25.90566037735849,9.0,1
tampa-bay-buccaneers,2024,255400000.0,139250589.0,62499171.0,0.2447109279561472,8661244.0,0.0339124667188723,49332345.0,71962003.0,25.867924528301888,10.0,1
tampa-bay-buccaneers,2025,279200000.0,212572821.0,50890048.0,0.1822709455587392,27788782.0,0.0995300214899713,109404539.0,76021288.0,26.641509433962263,8.0,0
tennessee-titans,2018,177200000.0,126533964.0,20927326.0,0.1181000338600451,9843856.0,0.0555522347629796,56618895.0,43132000.0,25.79268292682927,9.0,0
tennessee-titans,2019,188200000.0,168715377.0,22933426.0,0.1218566737513283,26347000.0,0.1399946865037194,91153395.0,69182604.0,25.766233766233768,9.0,1
tennessee-titans,2020,198200000.0,204201927.0,59110885.0,0.298238572149344,24330000.0,0.1227547931382442,108652465.0,79168878.0,26.62037037037037,11.0,1
tennessee-titans,2021,182500000.0,155907543.0,46830938.0,0.2566078794520548,12660000.0,0.0693698630136986,89141868.0,51780507.0,26.46067415730337,12.0,1
tennessee-titans,2022,208200000.0,93435636.0,33263152.0,0.1597653794428434,2025566.0,0.0097289433237271,44021992.0,42825246.0,26.05194805194805,7.0,0
tennessee-titans,2023,224800000.0,128983277.0,58841771.0,0.2617516503558719,39507689.0,0.1757459475088968,76411373.0,25957934.0,26.245283018867923,6.0,0
tennessee-titans,2024,255400000.0,142042127.0,67461884.0,0.2641420673453406,4908674.0,0.0192195536413469,49474868.0,82696425.0,26.37735849056604,3.0,0
tennessee-titans,2025,279200000.0,152024201.0,62942146.0,0.2254374856733524,10090434.0,0.0361405229226361,81257938.0,55787615.0,26.20754716981132,3.0,0
washington-commanders,2018,177200000.0,102905158.0,14621935.0,0.0825165632054176,370589.0,0.0020913600451467,40923302.0,40539626.0,26.28301886792453,7.0,0
washington-commanders,2019,188200000.0,140415181.0,31601586.0,0.1679149096705632,18429904.0,0.0979272263549415,67229031.0,52084946.0,25.849624060150376,3.0,0
washington-commanders,2020,198200000.0,138074773.0,41246929.0,0.2081076135216952,21904708.0,0.1105182038345106,74010656.0,52212551.0,25.89333333333333,7.0,1
washington-commanders,2021,182500000.0,150038375.0,36264205.0,0.1987079726027397,6350832.0,0.0347990794520547,67792061.0,72942138.0,25.537190082644628,7.0,0
washington-commanders,2022,208200000.0,211881504.0,36702463.0,0.1762846445725264,37430319.0,0.179780590778098,120850530.0,54888305.0,25.663716814159294,8.5,0
washington-commanders,2023,224800000.0,133719895.0,47623965.0,0.211850378113879,9564844.0,0.0425482384341637,74147181.0,50112913.0,26.150943396226417,4.0,0
washington-commanders,2024,255400000.0,186228005.0,47227012.0,0.1849139075959279,13848027.0,0.0542209357870007,87344973.0,80164398.0,27.52830188679245,12.0,1
washington-commanders,2025,279200000.0,171894381.0,28831949.0,0.1032662929799426,18147159.0,0.0649969878223495,78353621.0,88891598.0,28.641509433962263,5.0,0
